Quarter,CPI
2022Q1,125.69585102024185
2022Q2,125.973513163758
2022Q3,126.23754130491506
2022Q4,126.07617043531474
2023Q1,125.98384203720181
2023Q2,126.06835799822909
2023Q3,126.09653406836385
2023Q4,126.05518960273851
